N,file size,records num,total runs,runs-var,run-build(s),run-build-var,run-merge(s),run-merge-var,total cost(s),total-var,state
1,0.03125,4096,1,0,0.00733333,2.22222e-007,0.00266667,2.22222e-007,0.01,6.66667e-007,sorted
2,0.0625,8192,2,0,0.00833333,2.22222e-007,0.0376667,0.00220022,0.046,0.00217867,sorted
3,0.09375,12288,3,0,0.011,4.66667e-006,0.006,2e-006,0.017,1.26667e-005,sorted
